Episode,Epsilon,Q Value Loss,E[R]
0,0.804286,0.0292355,1.48397
1,0.646747,0.033734,2.97099
2,0.520066,0.0325374,4.07035
3,0.418198,0.0271913,4.87835
4,0.336284,0.0361516,5.87002
5,0.270414,0.0428398,6.58088
6,0.217447,0.0347612,6.94666
7,0.174855,0.046086,7.46578
8,0.140605,0.0394552,8.00809
9,0.113064,0.0505638,8.14616
10,0.0909178,0.0496864,8.15563
