Episode,Epsilon,Q Value Loss,E[R]
0,0.804286,0.0152218,1.41276
1,0.646747,0.0120013,2.91525
2,0.520066,0.0211043,3.90016
