Episode,Epsilon,Q Value Loss,E[R]
0,1,0,0.000218135
1,0.989169,5.09235e-05,0.0341453
2,0.983793,4.63759e-05,0.0448062
3,0.978446,9.53697e-07,0.0412511
4,0.973128,1.04027e-05,0.0488593
5,0.967839,1.8915e-05,0.0552625
6,0.962578,1.03337e-06,0.0587419
7,0.957346,7.21084e-07,0.0962063
8,0.952143,2.6743e-05,0.0959032
9,0.946968,0.000423261,0.111315
10,0.941821,0.000559907,0.161326
11,0.936702,0.000135568,0.146662
12,0.931611,0.000188545,0.145246
