Episode,Epsilon,Q Value Loss,E[R]
0,0.951648,0.457129,3.32153
1,0.905598,0.443781,6.17489
2,0.861776,0.474957,6.98175
3,0.820075,0.419563,8.03882
4,0.780391,1.02749,8.71891
5,0.742628,1.12478,7.90789
6,0.706692,1.14277,9.10596
7,0.672495,1.09561,9.80442
8,0.639953,0.873706,10.974
9,0.608986,0.99323,11.585
10,0.579517,0.975088,13.4707
11,0.551474,1.0561,14.0678
12,0.524788,0.946844,13.973
